     20  ,,and stops ,robots fro
     20 ,.,nformation,\nDo not li
     20 no Jack Kennedy. \nHe is ,, 1947) is ,an America
     20 ,no Jack Kennedy. \nHe is , 1947) is ,an America
     20 o,O,]\n* {{NYT ,n this day
     20 ,widely regarded as ,"s, he was ",a master p
     21 ,2006Rev,ecentYears,|Month=Jul
     21 ,he year]]\n[[Category:July]],ory:July]],
     21 "[[January]], [[February]], [[March]], [[April]], [[May]], [[June]], [[July]], [[August]], [[September]], [[October]], [[November]], [[December]]",{{msg:months}},l days]]\n\n,
     21 \n,,rence.\n-->,\n==Deaths=
     22 ,|U.S.,ted States, Congress]
     23 June calendar|float=right,calendar,-indef}}{{,}}\n{{This 
     23 {{pp-pc1}}\n,,,{{pp-move-
     24 ], |publisher=Canada Channel}},an History,\n\n{{months
     24 "| style=""float:right;""\n|- \n|{{JuneCalendar}}\n|-\n|",{JuneCalendar|float=right}}\n,{,{{ThisDate
     24 ,"{| style=""float:ri",,"{| style="""
     25 a,ian History,y in Canad,]\n\n{{month
     25  big fat joke. He is a,,1947) is a,n American
     25 ,he year]]\n[[Category:June]],ory:June]],
     26 , big fat joke. He is a,1947) is a,n American
     26 , ,{{cite web,|url=http:
     26 ,{{msg:JuneCalendar}}\n,maining.\n\n,==Events==
     27 ,\n,rence.\n-->,\n==Deaths=
     27 {{pp-pc1}},,ory:June]],
     28 ,Bisexual writers]]\n[[Category:Bisexual writers from the United States]]\n[[Category:,[Category:,People fro
     28 ,{{pp-move-indef}}{{,,{{pp-move-
     29 Bisexual writers]]\n[[Category:Bisexual writers from the United States]]\n[[Category:,,[Category:,People fro
     29 [,{{cite web |url=,mmons}}\n* ,http://new
     30 ], |publisher=BBC}},n This Day,\n* {{NYT O
     31 , , czerwca]],[[sv:Juni 
     31 ,"], [[December]]",December]],
     34 ,\n,Calendar}},\n==Events=
     34 ,"{| style=""float:rig",,"{| style="""
     38 79]] &ndash; [[The Funk]]\n*[[19,,922)\n*[[19,84]] &ndas
     39 ----,,n Canada]\n,\n{{months}
     40 ,79]] &ndash; [[The Funk]]\n*[[19,922)\n*[[19,84]] &ndas
     40  ,, and stops, robots fr
     43 , ,. -->\n[[{{,PAGENAME}}
     44 {{pp-protected|small=yes}}\n,,,{{pp-pc1}}
     48 stops robots ,discourages well meaning robots and people ,atted and ,from delin
     49 no Jack Kennedy. He is ,, 1947) is ,an America
     50 ,y:January]],:January]],
     52 ,{{commons}}\n,l links==\n,* [http://
     52 ,gory:July]],ory:July]],
     52 [[{{PAGENAME}}]],{{Linked-title}},ot change , it preser
     53 ,no Jack Kennedy. He is , 1947) is ,an America
     60  ,,ME}}]] it ,preserves 
     68 ,{{pp-pc1}},,{{pp-pc1}}
     69 {{pp-pc1}}\n,,,{{pp-pc1}}
     74 ,gory:June]],ory:June]],
